{"cameraMode":{"drawMode":0,"name":"Shaded","section":"Shading Mode"},"sceneLighting":true,"audioPlay":false,"sceneViewState":{"showFog":true,"showMaterialUpdate":false,"showSkybox":true,"showFlares":true,"showImageEffects":true,"showParticleSystems":true},"in2DMode":false,"pivot":{"x":0.10078811645507813,"y":12.949459075927735,"z":14.292659759521485},"rotation":{"x":-0.0015016118995845318,"y":0.004499760456383228,"z":-0.000005937150035606464,"w":1.0000075101852418},"size":27.317508697509767,"orthographic":false}