{"cameraMode":{"drawMode":0,"name":"Shaded","section":"Shading Mode"},"sceneLighting":false,"audioPlay":false,"sceneViewState":{"showFog":true,"showMaterialUpdate":false,"showSkybox":false,"showFlares":true,"showImageEffects":true,"showParticleSystems":true},"in2DMode":false,"pivot":{"x":-5.3373613357543949,"y":3.5198938846588136,"z":6.849299907684326},"rotation":{"x":0.03575443476438522,"y":-0.17301711440086366,"z":0.006279174704104662,"w":0.9842676520347595},"size":2.566418170928955,"orthographic":false}