{"cameraMode":{"drawMode":0,"name":"Shaded","section":"Shading Mode"},"sceneLighting":false,"audioPlay":false,"sceneViewState":{"showFog":true,"showMaterialUpdate":false,"showSkybox":false,"showFlares":true,"showImageEffects":true,"showParticleSystems":true},"in2DMode":false,"pivot":{"x":-0.3963511884212494,"y":0.8327084183692932,"z":-17.28756332397461},"rotation":{"x":0.10704749077558518,"y":0.734056293964386,"z":-0.11907615512609482,"w":0.65996915102005},"size":4.65377950668335,"orthographic":false}